Id;Description;Year;OrigDate;OrigStreetName;OrigBuildingNumber
1;Житловий будинок (мур.);1850;с.19ст.;Бачинського;2
2;Житловий будинок (мур.);1925;1920-і рр.;Бачинського;3
3;Житловий будинок (мур.);1850;с. 19 ст.;Бачинського;4
4;Житловий будинок (мур.);1932;1932р.;Бельведерська;1
5;Житловий будинок (мур.);1937;1937 р.;Бельведерська;2
6;Житловий будинок (мур.);1936;1936 р.;Бельведерська;3
7;Житловий будинок (мур.);1890;1890;Бельведерська;4
8;Житловий будинок (мур.);1910;п. 20 ст.;Бельведерська;5
9;Житловий будинок (мур.);1900;к.19-п.20ст.;Бельведерська;6
10;Житловий будинок (мур.);1897;1897 р.;Бельведерська;8
11;Житловий будинок (мур.);1887;1887 р.;Бельведерська;10
12;Житловий будинок (мур.);1910;п. 20 ст.;Бельведерська;11
13;Житловий будинок (мур.);1910;п. 20 ст.;Богунська;3
14;Житловий будинок (мур.);1897;1897 р.;І. Вагилевича;6
15;Житловий будинок (мур.);1906;1906 р.;І. Вагилевича;10
16;Житловий будинок (мур.);1895;1890-і рр.;Валова;4
17;Житловий будинок (мур.);1910;п. 20 ст.;Валова;10
18;Житловий будинок (мур.);1910;п.20 ст.;Василіянок;3
19;Житловий будинок (мур.);1911;1911 р.;Василіянок;5
20;Житловий будинок (мур.);1875;1870-і рр.;Василіянок;11
21;Житловий будинок (мур.);1910;п.20 ст.;Василіянок;11а
22;Житловий будинок (мур.);1900;к.19-п.20ст.;Василіянок;13
23;Житловий будинок (мур.);1875;1870-і рр.;Василіянок;15
24;Жіноча вчительська семінарія сестер-василіянок (мур.);1912;1912-1938 рр.;Василіянок;17
25;Адмінбудинок (мур.);1958;1958р.;Василіянок;64
26;Житловий будинок (мур.);1800;18-19ст.;Вірменська;2
27;Житловий будинок (мур.);1908;1908 р.;Вірменська;3
28;Житловий будинок (мур.);1895;1890-і рр.;Вірменська;4
29;Житловий будинок (мур.);1903;1903 р.;Вірменська;5
30;Келії Вірменського костелу (мур.);1762;1762р.;Вірменська;8
31;Житловий будинок (мур.);1892;1892 р.;Д. Вітовського;7
32;Житловий будинок (мур.);1912;1912р.;Д. Вітовського;11
33;Житловий будинок(мур.);1913;1913 р.;Д. Вітовського;19
34;Житловий будинок (мур.);1872;1872 р.;майдан Вічевий;2
35;Житловий будинок (мур.);1885;1880-і рр.;майдан Вічевий;3
36;Житловий будинок (мур.);1930;1950;Вовчинецька;4
37;Церква св.Обручника Йосифа (мур.);1912;1912 р.;Вовчинецька;54
38;Римо-католицький костел (мур.);1927;1927-1939 рр.;Вовчинецька;92
39;Житловий будинок (мур.);1933;1933 р.;Галицька;1
40;Австрійська дирекція залізниці, пізніше польський магістрат (мур:);1894;1894р.;Галицька;2
41;Житловий будинок (мур.);1932;1932 р.;Галицька;3
42;Житловий будинок (мур.);1933;1933 р.;Галицька;5
43;Ратуша (мур.);1929;1929-1935 рр.;Галицька;4а
44;Військова адміністрація та гауптвахта (мур.);1827;1827р.;Галицька;7
45;Житловий будинок (мур.);1850;с. 19 ст.;Галицька;9
46;Житловий будинок (мур.);1810;п.19ст.;Галицька;10
47;Житловий будинок (мур.);1910;п.20 ст.;Галицька;11
48;Житловий будинок (мур.);1810;п.19 ст.;Галицька;12
49;Лікарня при колегіаті (мур.);1737;1737 р.;Галицька;14
50;Житловий будинок (мур.);1900;к.19-п.20ст.;Галицька;16
51;Житловий будинок (мур.);1835;1835 р.;Галицька;29
52;Житловий будинок (мур.);1900;к.19-п.20ст.;Галицька;33
53;Житловий будинок (мур.);1840;1840 р.;Галицька;35
54;Житловий будинок (мур.);1829;1829 р.;Галицька;37
55;Житловий будинок (мур.);1846;1846 р.;Галицька;39
56;Житловий будинок римо-католицького духовенства (мур.);1800;18-19ст.;Галицька;41
57;Житловий будинок (мур.);1910;п.20 ст.;Галицька;45
58;Житловий будинок (мур.);1905;1900-і рр.;Гаркуші;3
59;Житловий будинок (мур.);1914;1914 р.;Гаркуші;4
60;Житловий будинок (мур.);1898;1898 р.;Гаркуші;7
61;Житловий будинок (мур.);1905;1900-і рр.;Гаркуші;8
62;Житловий будинок (мур.);1910;п. 20 ст.;Гаркуші;9
63;Житловий будинок (мур.);1910;п. 20 ст.;Гаркуші;28
64;Житловий будинок (мур.);1900;к.19-п.20 ст.;Академіка Гнатюка;1
65;Житловий будинок (мур.);1900;к.19-п.20 ст.;Академіка Гнатюка;2
66;Житловий будинок (мур.);1900;к.19-п.20 ст.;Академіка Гнатюка;3
67;Житловий будинок (мур.);1900;к.19-п.20ст.;Академіка Гнатюка;10
68;Житловий будинок (мур.);1900;к.19-п.20ст.;Академіка Гнатюка;12
69;Бурса українського педагогічного товариства (мур.);1905;1900-і рр.;Академіка Гнатюка;13
70;Житловий будинок (мур.);1900;к.19-п.20ст.;Академіка Гнатюка;14
71;Житловий будинок (мур.);1900;к.19-п.20 ст.;Академіка Гнатюка;15
72;Житловий будинок (мур.);1900;к.19-п.20ст.;Академіка Гнатюка;16
73;Житловий будинок (мур.);1900;к.19-п.20ст.;Академіка Гнатюка;17
74;Житловий будинок (мур.);1900;к.19-п.20ст.;Академіка Гнатюка;18
75;Житловий будинок (мур.);1900;к.19-п.20ст.;Академіка Гнатюка;19
76;Житловий будинок (мур.);1900;к.19-п.20ст.;Академіка Гнатюка;20
77;Житловий будинок (мур.);1900;к.19-п.20ст.;Академіка Гнатюка;21
78;Житловий будинок (мур.);1900;к.19-п.20 ст.;Академіка Гнатюка;22
79;Житловий будинок (мур.);1900;к.19-п.20ст.;Академіка Гнатюка;23
80;Житловий будинок (мур.);1900;к.19-п.20 ст.;Академіка Гнатюка;24
81;Житловий будинок (мур.);1900;к.19-п.20ст.;Академіка Гнатюка;25
82;Житловий будинок (мур.);1900;к.19-п.20ст.;Академіка Гнатюка;26
83;Житловий будинок (мур.);1910;1910р.;Святослава Гординського;2
84;Житловий будинок (мур.);1908;1908 р.;Святослава Гординського;4
85;Житловий будинок (мур.);1900;к.19-п.20ст.;Святослава Гординського;5
86;Житловий будинок (мур.);1937;1937 р.;Святослава Гординського;6
87;Житловий будинок (мур.);1900;к. 19-п.20 ст.;Святослава Гординського;7
88;Жіноча семирічна школа (мур.);1895;1895 р„;Святослава Гординського;10
89;Житловий будинок (мур.);1909;1909р.;Святослава Гординського;11
90;Житловий будинок (мур.);1900;1900р.;Святослава Гординського;12
91;Житловий будинок (мур.);1900;к. 19-п.20 ст.;Святослава Гординського;13
92;Житловий будинок (мур.);1909;1909 р.;Святослава Гординського;15
93;Житловий будинок (мур.);1900;к. 19-п.20 ст.;Святослава Гординського;17
94;"Костел ""Аве Марія"" (мур.)";1904;1904 р.;Святослава Гординського;20
95;Житловий будинок (мур.);1910;п. 20 ст.;Святослава Гординського;23
96;Житловий будинок (мур.);1910;1910 р.;Михайла Грушевського;1
97;Кінотеатр (мур.);1929;1929 р.;Михайла Грушевського;3
98;Банк (мур.);1908;1908 р;Михайла Грушевського;4
99;Чоловіча семирічна школа ім. Міцкевича (мур.);1894;1894 р.;Михайла Грушевського;5
100;Житловий будинок (мур.);1910;п.20 ст.;Михайла Грушевського;6
101;Будинок страхової компанії (мур.);1904;1904 р.;Михайла Грушевського;7
102;Житловий будинок (мур.);1910;п. 20 ст.;Михайла Грушевського;8
103;Житловий будинок (мур.);1907;1907 р.;Михайла Грушевського;9
104;Житловий будинок (мур.);1910;п.20 ст.;Михайла Грушевського;9а
105;Житловий будинок (мур.);1910;п.20 ст.;Михайла Грушевського;9б
106;Житловий будинок (мур.);1810;п.19 ст.;Михайла Грушевського;13
107;Жіноча школа ім.королеви Ядвіги (мур.);1877;1877 р.;Михайла Грушевського;16
108;Житловий будинок (мур.);1910;п.20 ст.;Михайла Грушевського;16а
109;Житловий будинок            (кам'яниця Й. Маланюка) (мур.);1931;1931 р.;Михайла Грушевського;17
110;"Будинок українського культурно-спортив. товариства ""Сокіл"" (мур.)";1912;1912р.;Михайла Грушевського;18
111;Будинок союзу польських залізничників (мур.);1925;1925-1927рр.;Михайла Грушевського;19
112;Житловий будинок (мур.);1895;1895р.;Михайла Грушевського;20
113;Житловий будинок (мур.);1910;п.20 ст.;Михайла Грушевського;29
114;Окружна фінансова дирекція (мур.);1912;1912р.;Михайла Грушевського;31
115;Житловий будинок (мур.);1910;п.20ст.;Михайла Грушевського;33
116;Житловий будинок (мур.);1906;1906 р.;Михайла Грушевського;35
117;Житловий будинок (мур.);1906;1906 р.;Михайла Грушевського;37
118;Житловий будинок (мур.);1906;1906 р.;Михайла Грушевського;38
119;Житловий будинок (мур.);1904;1904 р.;Михайла Грушевського;39
120;Житловий будинок (мур.);1904;1904 р.;Михайла Грушевського;41
121;Житловий будинок (мур.);1905;1900-і рр.;Михайла Грушевського;42
122;Костел єзуїтів (мур.);1895;1895 р.;Грюнвальдська;1
123;Палати духовенства (мур.);1895;1895р.;Грюнвальдська;3
124;Житловий будинок (мур);1910;п.20ст.;Грюнвальдська;2
125;Житловий будинок (мур.);1912;1912р.;Грюнвальдська;7
126;Житловий будинок (мур.);1912;1912р.;Грюнвальдська;9
127;Адмінбудииок залізничної дирекції (мур.);1914;1914р.;Грюнвальдська;11
128;Житловий будинок (мур.);1938;1938 р.;Грюнвальдська;15
129;Житловий будинок (мур.);1910;1910 р.;Короля Данила;1
130;Житловий будинок (мур.);1912;1912 р.;Короля Данила;3
131;Житловий будинок (мур.);1911;1911 р.;Короля Данила;4
132;Житловий будинок (мур.);1905;1900-і рр.;Короля Данила;5
133;Житловий будинок (мур.);1912;1912 р.;Короля Данила;6
134;Житловий будинок (мур.);1905;1900-і рр.;Короля Данила;7
135;Сингагога (мур.);1926;1926 р.;Короля Данила;8
136;Житловий будинок (мур.);1911;1911 р.;Короля Данила;10
137;Житловий будинок (мур.);1910;п.20ст.;Короля Данила;20
138;Житловий будинок (мур.);1910;1910р.;Короля Данила;22
139;Житловий будинок (мур.);1850;19 ст.;Дністровська;2
140;Житловий будинок (мур.);1850;19ст.;Дністровська;4
141;Житловий будинок (мур.);1910;п.20ст.;Дністровська;20
142;Житловий будинок (мур.);1925;1925 р.;Дністровська;22
143;Жіноча вчительська семінарія (мур.);1911;1911 р.;Дністровська;28
144;Житловий будинок (мур.);1937;1937р.;Драгоманова;3
145;Житловий будинок (мур.);1935;1935р.;Драгоманова;5
146;Житловий будинок (мур.);1936;1936 р.;Драгоманова;7
147;Житловий будинок (мур.);1938;1938 р.;Драгоманова;8
148;Житловий будинок (мур.);1939;1939 р..;Драгомачова;10
149;Житловий будинок (мур.);1910;п.20ст.;Заклинських;1
150;Житловий будинок (мур.);1910;п.20ст.;Залізнична;29
151;Житловий будинок (мур.);1910;п.20ст.;Зачізнична;31
152;Житловий будинок (мур.);1912;1912 р.;Залізнична;47
153;Житловий будинок (мур.);1928;1928 р.;О. Кисілевської;1
154;Житловий будинок (мур.);1928;1928 р.;О. Кисілевської;3
155;Церква Покрову Матері Божої (мур.);1904;1904 р.;Княгинин;
156;Житловий будинок (мур.);1894;1894 р.;Шашкевича;1
157;Житловий будинок (мур.);1910;п.20 ст.;Шашкевича;2
158;Житловий будинок (мур.);1913;1913 р.;Шашкевича;3
159;Житловий будинок (мур.);1907;1907 р.;Шашкевича;4
160;Житловий будинок (мур.);1894;1894 р.;Шашкевича;5
161;Житловий будинок (мур.);1890;1890;Шашкевича;7
162;Житловий будинок (мур.);1895;1895р.;Шашкевича;9
163;Церква св. Параскеви (мур.);1908;1908 р..;Євгена Коновальця;
164;Житловий будинок (мур.);1910;п.20 ст.;Євгена Коновальця;2
165;Житловий будинок (мур.);1910;п.20 ст.;Євгена Коновальця;4
166;Житловий будинок (мур.);1850;19 ст.;Євгена Коновальця;12
167;Житловий будинок (мур.);1916;1916 р.;Євгена Коновальця;16
168;Військові складські приміщення (мур.);1890;1890;Євгена Коновальця;100 (корп.2)
169;Військові складські приміщення (мур.);1890;1890;Євгена Коновальця;10За
170;Житловий будинок (мур.);1910;п. 20 ст.;Коперніка;2
171;Житловий будинок (мур.);1910;п.20 ст.;Коперніка;7
172;Житловий будинок (мур.);1910;п. 20 ст.;Коперніка;9
173;Житловий будинок (мур.);1910;п.20ст.;Коперніка;11
174;Житловий будинок (мур.);1910;п.20ст.;Коперніка;11а
175;Житловий будинок (мур.);1936;1936-1937рр.;Коперніка;14
176;Житловий будинок (мур.);1910;п.20ст.;Коперніка;15
177;Житловий будинок (мур.);1910;п.20ст.;Коперніка;17
178;Житловий будинок (мур.);1935;1935 р.;Коперніка;18
179;Житловий будинок (мур.);1910;п.20ст.;Коперніка;19
180;Житловий будинок (мур.);1910;п.20ст.;Коперніка;21
181;Житловий будинок (мур.);1910;п.20ст.;Коперніка;23
182;Житловий будинок (мур.);1910;п.20ст.;Коперніка;24
183;Житловий будинок (мур);1910;п.20 ст.;Коперніка;27
184;Житловий будинок (мур.);1900;к. 19-п.20 ст.;Коперніка;30
185;Житловий будинок (мур.);1907;1907 р.;Крива;4
186;Житловий будинок (мур.);1895;1890-і рр.;Крушельницької;2
187;Житловий будинок (мур.);1895;1895р.;Леся Курбаса;2
188;Театр ім. С. Монюшка (мур.);1891;1891 р.    рек. 1929 р.;Леся Курбаса;3
189;Житловий будинок (мур.);1899;1899 р.;Леся Курбаса;4
190;Житловий будинок (мур.);1906;1906 р.;Леся Курбаса;5
191;Житловий будинок (мур.);1900;1900 р.;Леся Курбаса;6
192;Житловий будинок (мур.);1906;1906 р.;Леся Курбаса;7
193;Житловий будинок (мур.);1906;1906 р.;Леся Курбаса;8
194;Житловий будинок (мур.);1906;1906 р.;Леся Курбаса;9
195;Житловий будинок (мур.);1910;п.20 ст.;Ленкавського;15
196;Житловий будинок (мур.);1890;1890;Ленкавського;20
197;Приватна німецька гімназія (мур.);1905;1905р.;Богдана Лепкого;9
198;Житловий будинок (мур.);1895;1890-і рр.;Богдана Лепкого;25
199;Житловий будинок (мур.);1895;1890-і рр.;Богдана Лепкого;27
200;Школа деревообробної промисловості (мур.);1904;1904 р.;Богдана Лепкого;28
201;Житловий будинок (мур.);1909;1909 р.;Богдана Лепкого;33
202;Житловий будинок (мур.);1910;п.20 ст.;Богдана Лепкого;34
203;Житловий будинок (мур.);1910;п.20 ст.;Богдана Лепкого;35
204;Житловий будинок (мур.);1910;п.20 ст.;Богдана Лепкого;36
205;Житловий будинок (мур.);1908;1908 р.;Богдана Лепкого;37
206;Житловий будинок (мур.);1910;п. 20 ст;Богдана Лепкого;38
207;Житловий будинок (мур.);1908;1908 р.;Богдана Лепкого;39
208;Житловий будинок (мур.);1900;1900 р.;Богдана Лепкого;41
209;Житловий будинок (мур.);1910;п.20 ст.;Богдана Лепкого;44
210;Житловий будинок (мур.);1910;п.20 ст.;Богдана Лепкого;45
211;Житловий будинок (мур.);1910;п.20 ст.;Богдана Лепкого;46
212;Житловий будинок (мур.);1910;п.20 ст.;Богдана Лепкого;48
213;Житловий будинок (мур.);1910;п.20 ст.;Лермонтова;7
214;Житловий будинок (мур.);1910;п.20 ст.;Лермонтова;8
215;Житловий будинок (мур.);1910;п.20 ст.;Лермонтова;13
216;Житловий будинок (мур.);1910;п.20 ст.;Львівська;8
217;Житловий будинок (мур.);1830;1830 р.;Гетьмана Мазепи;1
218;Житловий будинок (мур.);1936;1936 р.;Гетьмана Мазепи;2
219;Житловий будинок (мур.);1893;1893 р.;Гетьмана Мазепи;3
220;Житловий будинок (мур.);1887;1887 р.;Гетьмана Мазепи;4
221;Житловий будинок (мур.);1910;п.20ст.;Гетьмана Мазепи;4а
222;Житловий будинок (мур.);1903;1903 р.;Гетьмана Мазепи;5
223;Житловий будинок(мур.);1885;1885 р.;Гетьмана Мазепи;6
224;Житловий будинок (мур.);1905;1900-і рр.;Гетьмана Мазепи;7
225;Житловий будинок (мур.);1885;1885 р.;Гетьмана Мазепи;8
226;Житловий будинок (мур.);1905;1900-і рр.;Гетьмана Мазепи;9
227;Польська жіноча гімназія (мур.);1896;1896 р.    рекон. 1913 р.;Гетьмана Мазепи;10
228;Житловий будинок (мур.);1890;1890;Гетьмана Мазепи;11
229;Житловий будинок (мур.);1896;1896 р.;Гетьмана Мазепи;12
230;Ощадна каса (мур.);1884;1884 р.   рекон. 1892 р.;Гетьмана Мазепи.;14
231;Житловий будинок (мур.);1892;1892 р.;Гетьмана Мазепи;20
232;Житловий будинок (мур.);1914;1914 р.;Гетьмана Мазепи;23
233;Житловий будинок (мур.);1910;1910 р.;Гетьмана Мазепи;24
234;Житловий будинок (мур.);1895;1890-і рр.;Гетьмана Мазепи;25
235;Житловий будинок (мур.);1901;1901 р.;Гетьмаиа Мазепи;28
236;Житловий будинок (мур.);1910;1910 р.;Гетьмана Мазепи;30
237;Житловий будинок (мур.);1913;1913 р.;Гетьмана Мазепи;34
238;Житловий будинок (мур.);1910;1910 р.;Гетьмана Мазепи;36
239;Житловий будинок (мур.);1908;1908р.;Гетьмана Мазепи;48
240;Житловий будинок (мур.);1910;п.20 ст.;Гетьмана Мазепи;56
241;Житловий будинок (мур.);1910;п.20 ст.;Гетьмана Мазепи;83
242;Церква (дер.);1890;1890;Гетьмана Мазепи (с.Крихівці);
243;Будинок лікарні (старий корпус) (мур.);1841;1841 р.;Гетьмана Мазепи;114
244;Житловий будинок;1912;1912 р.;Гетьмана Мазепи;129
245;"Кінотеатр ""Трембіта"" (мур.)";1950;1950 р.;Гетьмана Мазепи;135
246;"Ресторан-бар ""Садко"" (зміш.)";1957;1957 р.;Гетьмана Мазепи;140
247;Житловий будинок (мур.);1906;1906 р.;Сотника Теодора Мартинця;4
248;Житловий будинок (мур.);1894;1894 р.;Сотника Теодора Мартинця;6
249;Житловий будинок (мур.);1910;п.20 ст.;Макогона;6
250;Житловий будинок (мур.);1910;п.20 ст.;Матейки;3
251;Житловий будинок (мур.);1910;п 20 ст.;Матейки;6
252;Житловий будинок (мур.);1890;1890;Матейки;12
253;Житловий будинок (мур.);1890;1890;Матейки;14
254;Житловий будинок (мур.);1890;1890;Матейки;20
255;Житловий будинок (мур.);1910;п. 20 ст.;Матейки;22
256;Житловий будинок (мур.);1910;п.20 ст.;Матейки;24
257;Житловий будинок (мур.);1913;1913 р.;Матейки;26
258;Житловий будинок (мур.);1910;п. 20 ст.;Матейки;28
259;Семирічна школа (старий корпус) (мур.);1928;1928 р.;Матейки;34
260;Житловий будинок (мур.);1911;1911-1917 рр.;Матейки;39
261;Житловий будинок (мур.);1910;п.20 ст.;Матейки;40
262;Житловий будинок (мур.);1930;20 ст.;Матейки;43
263;Житловий будинок (мур.);1930;20 ст.;Матейки;44
264;Житловий будинок (мур.);1910;п.20 ст.;Матейки;47
265;Житловий будинок (мур.);1910;п.20 ст.;Матейки;51
266;Житловий будинок (мур.);1925;1920-і рр.;Матейки;53
267;Житловий будинок (мур.);1910;п.20 ст.;Матейки;56
268;Житловий будинок (мур.);1930;20 ст.;Матейки;57
269;Житловий будинок (мур.);1930;20 ст.;Матейки;59
270;Житловий будинок (мур.);1816;1816 р.;Мельничука;1
271;Житловий будинок (мур.);1850;19 ст.    рекон. 1936 р.;Мельничука;3
272;Житловий будинок (мур.);1910;п.20 ст.;Мельничука;12
273;Будинок повітового староства (мур.);1842;1842 р.;Мельничука;14
274;Єврейська гімназія (мур.);1900;к.19-п.20 ст.;Мельничука;16
275;"Будинок польського культурно- спортивного товариства ""Сокіл"" (мур.)";1895;1895 р.;Міцкевича площа;2
276;Будинок повітової ради (мур.);1896;1896 р.;Міцкевича площа;4
277;Вілла А. Рачинського (мур.);1905;1905 р.;Міцкевича площа;5
278;Житловий будинок (мур.);1929;1929р.;Міцкевича площа;6
279;Житловий будинок (мур.);1868;19ст.;Міцкевича площа;10
280;Житловий будинок (мур.);1890;1890;Міцкевича площа;12
281;Житловий будинок (мур.);1887;1887р.;Міцкевича площа;12а
282;Костел Йосифа (мур.);1924;1924р.;М. Мочульського;1
283;Житловий будинок (мур.);1890;1890;Національної гвардії;4
284;Житловий будинок (мур.);1890;1890;Національної гвардії;6
285;Житловий будинок (мур.);1890;1890;Національної гвардії;16
286;Пасаж (мур.);1904;1904 р.;Незалежності;3
287;"Готель ""Уніон"" (мур.)";1912;1912 р.;Незалежності;4
288;Житловий будинок (мур.);1875;1870-і р.;Незалежності;5
289;Житловий будинок (мур.);1906;1906 р.;Незалежності;7
290;Житловий будинок (мур.);1894;1894 р.;Незалежності;8
291;Житловий будинок та контора фірми Гаусвальда (мур.);1913;1913р.;Незалежності;11
292;Міщанське казино (мур.);1896;1896р.;Незалежності;12
293;Міщанський банк (мур.);1900;1900 р.;Незалежності;15
294;Житловий будинок (мур.);1907;1907 р.;Незалежності;16
295;Вища реальна школа (мур.);1873;1873 р.;Незалежності;17
296;Житловий будинок (мур.);1908;1908р.;Незалежності;18
297;Іпотечний банк (мур.);1898;1898р.;Незалежності;19
298;Житловий будинок (мур.);1905;1905 р.;Незалежності;21
299;Житловий будинок (мур.);1893;1893 р.;Незалежності;25
300;Житловий будинок (мур.);1894;1894 р.;Незалежності;29
301;Житловий будинок (мур.);1910;1910 р.;Незалежності;30
302;Житловий будинок (мур.);1885;1880-і рр.;Незалежності;33
303;Житловий будинок (мур.);1885;1880-і рр.;Незалежності;35
304;Житловий будинок (мур.);1881;1881 р.;Незалежності;37
305;Житловий будинок (мур.);1904;1904 р.;Незалежності;41
306;Житловий будинок (мур.);1935;1 935р.;Незалежності;43
307;Житловий будинок (мур.);1845;1840-і р.;Незалежності;47
308;Житловий будинок (мур.);1845;1840-і р.;Незалежності;49
309;Житловий будинок (мур.);1955;1955 р.;Незалежності;81
310;Житловий будинок (мур.);1908;1908 р.;Незалежності;89
311;Житловий будинок (мур.);1933;1933 р.;Незалежності;121
312;Церква св. Дмитрія (дер.);1902;1902р.;Нечуя Левицького;6
313;Житловий будинок (мур.);1810;п.19ст.;Романа Левицького;2
314;Житловий будинок (мур.);1845;1840-і р.;Низова;2
315;Житловий будинок (мур.);1904;1904 р.;Низова;3
316;Житловий будинок (мур.);1893;1893 р.;Низова;4
317;Житловий будинок (мур.);1868;19 ст..;Низова;6
318;Житловий будинок (мур.);1907;1907 р.;Низова;9
319;Житловий будинок (мур.);1907;1907 р.;Низова;11
320;Церква Христа Царя (мур.);1935;1935 р.;О. Новаківського;
321;Житловий будинок (мур.);1910;п. 20 ст.;Кардинала Любомира Гузара;4а
322;Житловий будинок (мур.);1910;п. 20 ст.;Кардинала Любомира Гузара;6
323;Житловий будинок (мур.);1913;1913 р.;Кардинала Любомира Гузара;9
324;Житловий будинок (мур.);1910;п. 20 ст.;Кардинала Любомира Гузара;10
325;Житловий будинок (мур.);1902;1902 р.;Кардинала Любомира Гузара;12
326;Житловий будинок (мур.);1893;1893 р.;Кардинала Любомира Гузара;15
327;Житловий будинок (мур.);1910;п. 20 ст.;Кардинала Любомира Гузара;25
328;Житловий будинок (мур.);1825;п.п. 19 ст.;Кардинала Любомира Гузара;30
329;Житловий будинок (мур.);1910;п. 20 ст.;Кардинала Любомира Гузара;31
330;Житловий будинок (мур.);1891;1891 р.;Кардинала Любомира Гузара;32
331;Житловий будинок (мур.);1900;к.19-п.20 ст.;Кардинала Любомира Гузара;33
332;Житловий будинок (мур.);1911;1911 р.;Кардинала Любомира Гузара;34
333;Житловий будинок (мур.);1844;1844 р.;Кардинала Любомира Гузара;55
334;Житловий будинок (мур.);1907;1907 р.;Євгена Озаркевича;4
335;Житловий будинок (мур.);1900;к.19-п.20ст.;Євгена Озаркевича;7
336;Житловий будинок (мур.);1900;к.19-п.20ст.;Євгена Озаркевича;9
337;Житловий будинок (мур.);1910;п. 20 ст.;Євгена Озаркевича;12
338;Житловий будинок (мур.);1900;к.19-п.20ст.;Євгена Озаркевича;13
339;Житловий будинок (мур.);1910;п. 20 ст.;Євгена Озаркевича;16
340;Житловий будинок (мур.);1910;п. 20 ст.;Євгена Озаркевича;17
341;Житловий будинок (мур.);1910;п. 20 ст.;Євгена Озаркевича;18
342;Житловий будинок (мур.);1910;п. 20 ст.;Євгена Озаркевича;19
343;Житловий будинок (мур.);1910;п. 20 ст.;Євгена Озаркевича;20
344;Житловий будинок (мур.);1910;п.20 ст.;Євгена Озаркевича;22
345;Житловий будинок (мур.);1932;1932р.;Євгена Озаркевича;23
346;Житловий будинок (мур.);1938;1938 р.;Орлика;1
347;Житловий будинок (мур.);1908;1908 р.;Михайла Павлика. 23;
348;Житловий будинок (мур.);1910;п.20 ст.;С. Петлюри;10
349;Житловий будинок (мур.);1910;п.20 ст.;С. Петлюри;11
350;Колишня бойня, комплекс;1911;1911;С. Петлюри;18
351;Житловий будинок (мур.);1910;п.20ст.;Марійки Підгірянки;2
352;Житловий будинок (мур.);1890;1890;Марійки Підгірянки;28
353;Житловий будинок (мур.);1910;п.20 ст.;Марійки Підгірянки;32
354;Залізничний вокзал (мур.);1866;1866,  1906-1908рр — перебудова;Площа Привокзальна;8
355;Житловий будинок (мур.);1930;1950;Площа Привокзальна;13
356;Залізничний будинок (мур.);1910;п.20 ст.;Привокзальна;13
357;Залізничний будинок (мур.);1910;п. 20ст.;Привокзальна;15
358;Поліклініка залізниці (мур.);1932;1932 р.;Привокзальна;17
359;Пошта залізниці (мур.);1905;1905 р.;Привокзальна;19
360;Житловий будинок (мур.);1899;1899 р.;Чорновола;1
361;Житловий будинок (мур.);1890;1890;Чорновола;4
362;Житловий будинок (мур.);1909;1909 р.;Чорновола;5
363;"Український ""Народний дім"" (мур.)";1913;1913 р.;Чорновола;22
364;Приватна клініка (мур.);1928;1928 р.;Чорновола;23
365;Житловий будинок (мур.);1906;1906 р.;Чорновола;26
366;Житловий будинок (мур.);1912;1912 р.;Чорновола;28
367;Житловий будинок (мур.);1890;1890;Чорновола;33
368;Житловий будинок (мур.);1910;п.20ст.;Чорновола;44
369;Житловий будинок (мур.);1910;п.20 ст.;Чорновола;58
370;Житловий будинок (мур.);1910;п.20 ст.;Чорновола;62
371;Житловий будинок (мур.);1900;к.19-п.20 ст.;Чорновола;63
372;Житловий будинок (мур.);1890;1890;Чорновола;70
373;Польський будинок сиріт (мур.);1911;1911-1914 рр.;Чорновола;72
374;Польський будинок сиріт (мур.);1910;п..20 ст.;Чорновола;72а
375;Житловий будинок (мур.);1890;1890;Чорновола;73
376;Житловий будинок (мур.);1910;п.20 ст.;Чорновола;77
377;Житловий будинок (мур.);1890;1890;Чорновола;80
378;Житловий будинок (мур.);1890;1890;Чорновола;89
379;Колишня тюрма (мур.);1883;1883 р.;Чорновола;119
380;Колишня тюрма (мур.);1883;1883 р.;Чорновола;119 а
381;Колишня тюрма (мур.);1883;1883 р.;Чорновола;121
382;Житловий будинок (мур.);1890;.1890;Чорновола;120
383;Житловий будинок (мур.);1910;п.20 ст.;Репіна;8
384;Житловий будинок (мур.);1910;1910р.;Репіна;10
385;Житловий будинок (мур.);1937;1937 р.;Площа Ринок;2
386;Житловий будинок (мур.);1928;1928 р.;Площа Ринок;4
387;Житловий будинок (мур.);1910;п.20 ст.;Площа Ринок;6
388;Житловий будинок (мур.);1875;1870-і рр.;Ринок площа;8
389;Житловий будинок (мур.);1825;п.п.19 ст;Ринок площа;10
390;Житловий будинок (мур.);1885;1880-і рр.;Ринок площа;12
391;Житловий будинок (мур.);1910;п.20 ст.;Ринок площа;18
392;Житловий будинок (мур.);1870;1870 р.;Ринок;5
393;Житловий будинок (мур.);1870;1870 р..;пл. Ринок;6
394;Житловий будинок (мур.);1825;п.п 19 ст.;Ринок;7
395;"""Кам'яниця двірська"" (мур.)";1785;1780-і рр.;Ринок;8
396;Житловий будинок (мур.);1911;1911 р.;пл. Розумовського;18
397;Житловий будинок (мур.);1910;1910 р.;Миколи Сабата;2
398;Житловий будинок (мур.);1912;1912 р.;Миколи Сабата;4
399;Житловий будинок (мур.);1910;п.20 ст.;Миколи Сабата;5
400;Житловий будинок (мур.);1911;1911 р.;Миколи Сабата;6
401;Житловий будинок (мур.);1895;1890-і рр.;Миколи Сабата;7
402;Житловий будинок (мур.);1905;1900-і рр. рек.1960-і рр.;Академіка Сахарова ;9
403;Житловий будинок (мур.);1905;1900-і рр. рек.1960-і рр.;Академіка Сахарова ;11
404;Окружний суд (мур.);1911;1911 р.;Академіка Сахарова ;15
405;Житловий будинок (мур.);1933;1933 р.;Академіка Сахарова ;17
406;Житловий будинок (мур.);1910;п.20 ст.;Академіка Сахарова ;19
407;Житловий будинок (мур.);1886;1886 р.;Академіка Сахарова ;20
408;Житловий будинок (мур.);1850;19 ст.;Академіка Сахарова ;20а
409;"Готель ""Імперіал"" (мур.)";1893;1893 р.;Січових Стрільців;1
410;Житловий будинок (мур.);1894;1894 р.;Січових Стрільців;3
411;"Готель ""Центральний"" (мур.)";1904;1904р.;Січових Стрільців;4
412;Житловий будинок (мур.);1850;с. 19 ст.;Січових Стрільців;5
413;Житловий будинок (мур.);1907;1907 р.;Січових Стрільців;6
414;Житловий будинок (мур.);1898;1898р.;Січових Стрільців;7
415;Житловий будинок (мур.);1850;с.19ст. доб.1880р.;Січових Стрільців;8
416;Житловий будинок (мур.);1885;1880-і рр..;Січових Стрільців;10
417;"Готель ""Австрія"", з 1921-1939 рр.-готель ""Варшава"" (мур.)";1913;1913 р.;Січових Стрільців;12
418;Новий поштампт (мур.);1938;1938 р.;Січових Стрільців;1За
419;Житловий будинок (мур.);1875;д.п. 19 ст.;Січових Стрільців;14
420;Поштамт (мур.);1909;1909 р.;Січових Стрільців;15
421;"Торговий будинок, готель та кінотеатр ""Олімпія"" (мур.)";1825;п.п.19 ст   рекон. 1910 р.;Січових Стрільців;16
422;Житловий будинок (мур.);1910;п. 20 ст.;Січових Стрільців;16а
423;Житловий будинок (мур.);1908;1908 р.;Січових Стрільців;17
424;Житловий будинок (мур.);1827;1827 р.;Січових Стрільців;18
425;Житловий будинок (мур.);1890;1890 р.;Січових Стрільців;19
426;"Будинок культурно-просвітницького товариства ""Руська бесіда (мур.)";1880;1880 р.;Січових Стрільців;24
427;Військова канцелярія (мур.);1906;1906 р.;Січових Стрільців;25
428;"Житловий будинок та контора торгової фірми ""Ревера"" (мур.)";1894;1894 р.;Січових Стрільців;26
429;Військова канцелярія (мур.);1906;1906 р.;Січових Стрільців;27а
430;Житловий будинок (мур.);1937;1937 р.;Січових Стрільців;27
431;Житловий будинок (мур.);1938;1938 р.;Січових Стрільців;29
432;Житловий будинок (мур.);1931;1931 р.;Січових Стрільців;35
433;Камяниця С. Снігуровича;1934;1934 р.;Січових Стрільців;38
434;Житловий будинок (мур.);1910;п.20 ст.;Січових Стрільців;41
435;Бурса греко-кат.єпархії (мур.);1935;1935 р.;Січових Стрільців;44 б
436;Житловий будинок (мур.);1895;1895 р.;Січових Стрільців;46
437;Житловий будинок (мур.);1847;1847 р.;Січових Стрільців;52
438;Житловий будинок (мур.);1908;1908 р.;Січових Стрільців;54
439;Монастир тринітаріїв з 1786 р.- окружний суд (мур.);1732;1732, 1845-1847 рр.;Старозамкова;2
440;Житловий будинок (мур.);1800;18-19ст.;Станіславська;7
441;Житловий будинок (мур.);1900;1890 -поч.20ст;Страчених;3
442;Житловий будинок (мур.);1850;сер.19 ст.;Страчених;5
443;Синагога (мур.);1899;1899 р.;Страчених;7
444;Житловий будинок (мур.);1905;1900-і рр.;Тарнавського;1
445;Житловий будинок (мур.);1915;1910-і рр.;Тарнавського;2
446;Житловий будинок (мур.);1910;п.20ст.;Тарнавського;3
447;Житловий будинок (мур.);1915;1910-і рр.;Тарнавського;4
448;Житловий будинок (мур.);1910;п.20ст.;Тарнавського;5
449;Житловий будинок (мур.);1910;п.20ст.;Тарнавського;7
450;Житловий будинок (мур.);1910;п.20ст.;Тарнавського;11
451;Житловий будинок (мур.);1903;1903 р.;Тарнавського;12
452;Житловий будинок (мур.);1910;п.20ст.;Тарнавського;13
453;Житловий будинок (мур.);1910;п.20ст.;Тарнавського;15
454;Житловий будинок (мур.);1908;1908 р.;Тарнавського;16
455;Житловий будинок (мур.);1905;1900-і рр.;Тарнавського;18
456;Житловий будинок (мур.);1910;п.20ст.;Тарнавського;19
457;Житловий будинок (мур.);1906;1906 р.;Тарнавського;20
458;Житловий будинок (мур.);1904;1904 р.;Тарнавського;21
459;Житловий будинок (мур.);1905;1900-і рр.;Тарнавського;22
460;Житловий будинок (мур.);1931;1931 р.;Тисменицька;148     (Незалежності
461;Житловий будинок (мур.);1910;п.20ст.;Тисменицька;179      (Незалежності
462;Житловий будинок (мур.);1914;1914 р.;Толстого;1
463;Житловий будинок (мур.);1810;п.19ст.;Тринітарська;6
464;Житловий будинок (мур.);1929;1929р.;Тринітарська;7
465;Житловий будинок (мур.);1895;1895 р.;Тринітарська;9
466;Житловий будинок (мур.);1900;к. 19-п.20ст.;Тринітарська;11
467;Житловий будинок (мур.);1850;с. 19 ст.;Тринітарська;13
468;Житловий будинок (мур.);1930;1930 р.;Труша;4
469;Житловий будинок (мур.);1850;19ст.;Тургенєва;6
470;Житловий будинок (мур.);1935;1935 р.;Лесі Українки;1
471;Житловий будинок (мур.);1935;1935 р.;Лесі Українки;3
472;Житловий будинок (мур.);1910;п.20 ст.;Лесі Українки;5
473;Житловий будинок (мур.);1937;1937р.;Лесі Українки;7
474;Житловий будинок (мур.);1898;1898 р.;пров. Фортечний;3
475;Фортечна стіна (мур.);1710;п. 18 ст.;пров. Фортечний;
476;Житловий будинок (мур.);1908;1908 р.;Івана Франка;3
477;Житловий будинок (мур.);1910;п.20 ст.;Івана Франка;5
478;Житловий будинок (мур.);1910;п.20 ст.;Івана Франка;7
479;Житловий будинок (мур.);1910;п. 20 ст.;Івана Франка;9
480;Житловий будинок (мур.);1910;п.20 ст.;Івана Франка;11
481;Польська жіноча гімназія сестер- урсулянок (мур.);1908;1908р. (добудова) 1925-1929рр.;Івана Франка;14
482;Приватна клініка (мур.);1927;1927 р.;Івана Франка;17
483;Фінансові установи (мур.);1896;1896 р.;Івана Франка;19
484;Тютюнова монополія (мур.);1896;1896 р.;Івана Франка;19а
485;Житловий будинок (мур.);1910;п.20 ст.;Івана Франка;25
486;Житловий будинок (мур.);1897;1897 р..;Івана Франка;27
487;Житловий будинок (мур.);1910;п.20 ст.;Івана Франка;29
488;Каса хворих (мур.);1925;1925 р.;Івана Франка;30
489;Жіноча вчительська семінарія (мур.);1910;п.20ст;Івана Франка;33
490;Житловий будинок (мур.);1890;1890;Івана Франка;35
491;Житловий будинок (мур.);1910;п.20 ст.;Івана Франка;37
492;Житловий будинок (мур.);1914;1914р.;Івана Франка;39
493;Житловий будинок (мур.);1910;п.20 ст.;Курінного Чорноти;8
494;Житловий будинок (мур.);1910;п.20 ст.;Курінного Чорноти;11
495;Житловий будинок (мур.);1925;20-і рр. 20 ст.;Курінного Чорноти;27
496;Житловий будинок (мур.);1936;1936 р.;Шевченка;2
497;Колишній будинок  Й.Ляма (мур.);1890;1890;Шевченка;5
498;Житловий будинок (мур.);1935;1935 р.;Шевченка;6
499;Житловий будинок (мур.);1900;к.19-п.20ст.;Шевченка;7
500;Духовна семінарія (мур.);1906;1906р.;Шевченка;11
501;Житловий будинок (мур.);1898;1898 р.;Шевченка;12
502;Будинок греко-католицької капітули (мур.);1850;19ст.;Шевченка;14
503;Палац єпископа (мур.);1843;1843 р.;Шевченка;16
504;Житловий будинок (мур.);1895;1895 р.;Шевченка;19
505;Житловий будинок (мур.);1900;к.19-п.20ст.;Шевченка;21
506;Житловий будинок (мур.);1900;1900 р.;Шевченка;22
507;Житловий будинок (мур.);1900;1900 р.;Шевченка;24
508;Житловий будинок (мур.);1910;п.20 ст.;Шевченка;26
509;Житловий будинок (мур.);1934;1934 р.;Шевченка;27
510;Житловий будинок (мур.);1900;к. 19-п.20 ст.;Шевченка;29
511;Житловий будинок (мур.);1903;1903 р.;Шевченка;30
512;Житловий будинок (мур.);1934;1934 р.;Шевченка;31
513;Чоловіча семирічна школа (мур.);1845;1840-і рр.;Шевченка;32
514;Житловий будинок (мур.);1900;к.19-п.20 ст.;Шевченка;33
515;Житловий будинок (мур.);1931;1931 р.;Шевченка;43
516;Українська державна гімназія (мур.);1908;1908 р.;Шевченка;44
517;Житловий будинок (мур.);1894;1894 р.;Шевченка;46
518;Житловий будинок (мур.);1892;1892 р.;Шевченка;53
519;Житловий будинок (мур.);1910;п.20ст.;Шевченка;56
520;Житловий будинок (мур.);1906;1906 р.;Шевченка;58
521;Житловий будинок (мур.);1910;п.20ст.;Шевченка;62
522;Житловий будинок (мур.);1892;1892 р.;Шевченка;63
523;Житловий будинок (мур.);1900;к.19-п.20ст.;Шевченка;66
524;Житловий будинок (мур.);1910;п.20ст.;Шевченка;69
525;Житловий будинок (мур.);1912;1912 р.;Шевченка;72
526;Житловий будинок (мур.);1890;1890;Шевченка;74
527;Житловий будинок (мур.);1890;1890;Шевченка;76
528;Колишній будинок Маргошеса (мур.);1938;1938 р.;Шевченка;79
529;"Жіноча гімназія ""Просвіти"" (мур.)";1895;1890-і рр.;Шевченка;82
530;Будинок, де жив Левицький (мур.);1850;19 ст.;Шевченка;84
531;Житловий будинок (мур.);1890;1890;Шевченка;89
532;Житловий будинок (мур.);1810;п.19ст.;Шевченка;91
533;Житловий будинок (мур.);1890;1890;Шевченка;93
534;Житловий будинок (мур.);1895;1890-і рр.;Шевченка;94
535;Житловий будинок (мур.);1900;к.19-п.20 ст.;Шевченка;95
536;Житловий будинок (мур.);1904;1904 р.;Шевченка;99
537;Житловий будинок (мур.);1897;1897-1899 рр.;Шевченка;100
538;Житловий будинок (мур.);1897;1897-1899рр.;Шевченка;102
539;Житловий будинок (мур.);1897;1897-1899рр.;Шевченка;104
540;"""Кам'яниця двірська"" (мур.)";1750;18ст.   рекон.1910 р.;Шеремети;2
541;"""Кам'яниця двірська"" (мур.)";1750;18 ст.;Шеремети;4
542;Житловий будинок (мур.);1785;1780-і рр.;Шеремети;6
543;Жіноча семирічна школа (мур.);1904;1904 р.;Шопена;1
544;Житловий будинок (мур.);1910;п.20 ст.;Шопена;2
545;Житловий будинок (мур.);1910;п.20ст.;Шопена;3
546;Житловий будинок (мур.);1910;п.20 ст;Шопена;4
547;Житловий будинок (мур.);1910;п.20 ст.;Шопена;5
548;Житловий будинок (мур.);1910;п.20 ст.;Шопена;6
549;Житловий будинок (мур.);1910;п.20ст.;Шопена;7
550;Житловий будинок (мур.);1905;1900-і рр.;Шопена;8
551;Житловий будинок (мур.);1910;1910 р.;Шопена;9
552;Учительська семінарія;1842;1842 р.  добуд.1897р.;Шпитальна;2
553;Комплекс палацу з брамами (мур.);1672;1672-82р.               80-і рр. 18ст.;Шпитальна;5
554;Житловий будинок (мур.);1906;1906 р.;Шпитальна;7
555;Житловий будинок (мур.);1935;1930-і рр.;Шпитальна;9
556;Костел Непорочного Зачаття Діви Марії (СтанІславісвька колегіата);1672;1672-1703р.;майдан Шептицького;8
557;Колегія єзуїтів (мур.);1744;1744р.;майдан Шептицького;21
558;Вірменський костел (мур.);1762;1762р.;Вірменська;6
559;Костел Єзуїтів (кафедральний собор Святого Воскресіння) (мур);1753;1753-1763р.;майдан Шептицького;22
560;Костел Непорочного Зачаття Діви Марії (СтанІславісвька колегіата);1672;1672-1703р.;майдан Шептицького;8
561;Колегія єзуїтів (мур.);1744;1744р.;майдан Шептицького;21
562;Вірменський костел (мур.);1762;1762р.;Вірменська;6
563;Костел Єзуїтів (кафедральний собор Святого Воскресіння) (мур);1753;1753-1763р.;майдан Шептицького;22
564;Пивоварний завод (мур);1767;1767р.;Кардинала Любомира Гузара;49
